"Data Source","World Development Indicators",

"Country Name","Country Code","Indicator Name","Indicator Code","1960","1961","1962","1963","1964","1965","1966","1967","1968","1969","1970","1971","1972","1973","1974","1975","1976","1977","1978","1979","1980","1981","1982","1983","1984","1985","1986","1987","1988","1989","1990","1991","1992","1993","1994","1995","1996","1997","1998","1999","2000","2001","2002","2003","2004","2005","2006","2007","2008","2009","2010","2011","2012","2013",
"Aruba","ABW","Incidence of tuberculosis (per 100,000 people)","SH.TBS.INCD","","","","","","","","","","","","","","","","","","","","","","","","","","","","","","","16","16","16","16","16","16","16","16","16","16","16","16","16","16","16","16","16","16","16","16","16","16","16","",
"Andorra","AND","Incidence of tuberculosis (per 100,000 people)","SH.TBS.INCD","","","","","","","","","","","","","","","","","","","","","","","","","","","","","","","49","49","41","28","44","37","30","34","14","18","21","17","8","17","10","14","17","7.1","5.8","12","10","4.4","13","",
"Afghanistan","AFG","Incidence of tuberculosis (per 100,000 people)","SH.TBS.INCD","","","","","","","","","","","","","","","","","","","","","","","","","","","","","","","189","189","189","189","189","189","189","189","189","189","189","189","189","189","189","189","189","189","189","189","189","189","189","",
"Angola","AGO","Incidence of tuberculosis (per 100,000 people)","SH.TBS.INCD","","","","","","","","","","","","","","","","","","","","","","","","","","","","","","","205","209","214","218","222","226","231","236","240","245","250","255","260","265","270","276","281","287","292","298","304","310","316","",
"Albania","ALB","Incidence of tuberculosis (per 100,000 people)","SH.TBS.INCD","","","","","","","","","","","","","","","","","","","","","","","","","","","","","","","24","24","24","24","24","24","24","24","26","27","23","21","23","21","21","20","18","17","17","17","17","17","16","",
"Andean Region","ANR","Incidence of tuberculosis (per 100,000 people)","SH.TBS.INCD","","","","","","","","","","","","","","","","","","","","","","","","","","","","","","","","","","","","","","","","","","","","","","","","","","","","","","",
"Arab World","ARB","Incidence of tuberculosis (per 100,000 people)","SH.TBS.INCD","","","","","","","","","","","","","","","","","","","","","","","","","","","","","","","","","","","","","","","","","","","","","","","","","","","","","","",
"United Arab Emirates","ARE","Incidence of tuberculosis (per 100,000 people)","SH.TBS.INCD","","","","","","","","","","","","","","","","","","","","","","","","","","","","","","","12","12","12","12","12","12","12","12","12","12","12","4.7","5.6","6.9","5","5","3.7","3.3","2.7","3","3.1","2.3","1.7","",
"Argentina","ARG","Incidence of tuberculosis (per 100,000 people)","SH.TBS.INCD","","","","","","","","","","","","","","","","","","","","","","","","","","","","","","","60","57","55","53","51","49","47","45","44","42","40","39","37","36","35","33","32","31","30","28","27","26","25","",
"Armenia","ARM","Incidence of tuberculosis (per 100,000 people)","SH.TBS.INCD","","","","","","","","","","","","","","","","","","","","","","","","","","","","","","","18","21","24","29","33","38","43","49","54","58","61","65","69","73","75","77","77","76","73","69","62","55","52","",
"American Samoa","ASM","Incidence of tuberculosis (per 100,000 people)","SH.TBS.INCD","","","","","","","","","","","","","","","","","","","","","","","","","","","","","","","26","8.3","2.7","10","10","12","13","15","7.2","9.4","6.9","6.8","4.5","6.6","11","13","8.3","6.1","6","7.9","7.8","7.8","7.3","",
"Antigua and Barbuda","ATG","Incidence of tuberculosis (per 100,000 people)","SH.TBS.INCD","","","","","","","","","","","","","","","","","","","","","","","","","","","","","","","1.9","0","11","7.3","3.6","0","4.9","6.4","6.2","4.5","5.9","1.5","5.7","1.4","4.9","8.4","5.5","2.7","1.3","4","9.2","7.8","3.9","",
"Australia","AUS","Incidence of tuberculosis (per 100,000 people)","SH.TBS.INCD","","","","","","","","","","","","","","","","","","","","","","","","","","","","","","","6.8","6.3","6.6","6.4","6.8","6.8","6.9","7.1","5.5","6.5","6.2","5.8","5.9","5.5","6.1","5.9","6.4","6.1","6.5","6.8","6.5","6.3","6.5","",
"Austria","AUT","Incidence of tuberculosis (per 100,000 people)","SH.TBS.INCD","","","","","","","","","","","","","","","","","","","","","","","","","","","","","","","23","21","20","19","18","21","19","20","19","16","17","14","15","13","13","13","12","11","10","9.4","9","9.2","7.9","",
"Azerbaijan","AZE","Incidence of tuberculosis (per 100,000 people)","SH.TBS.INCD","","","","","","","","","","","","","","","","","","","","","","","","","","","","","","","305","384","458","527","587","637","678","708","719","710","682","633","567","496","416","335","271","225","185","154","131","113","95","",
"Burundi","BDI","Incidence of tuberculosis (per 100,000 people)","SH.TBS.INCD","","","","","","","","","","","","","","","","","","","","","","","","","","","","","","","162","189","222","259","293","321","337","337","327","308","288","266","244","228","211","198","183","171","159","150","144","139","130","",
"Belgium","BEL","Incidence of tuberculosis (per 100,000 people)","SH.TBS.INCD","","","","","","","","","","","","","","","","","","","","","","","","","","","","","","","18","17","15","17","17","16","15","14","14","13","14","15","13","12","12","12","11","10","10","11","11","10","9.7","",
"Benin","BEN","Incidence of tuberculosis (per 100,000 people)","SH.TBS.INCD","","","","","","","","","","","","","","","","","","","","","","","","","","","","","","","128","120","113","108","103","100","97","94","92","89","86","83","80","78","76","74","70","69","71","70","69","70","70","",
"Burkina Faso","BFA","Incidence of tuberculosis (per 100,000 people)","SH.TBS.INCD","","","","","","","","","","","","","","","","","","","","","","","","","","","","","","","87","87","87","86","84","82","79","78","75","73","71","69","67","65","64","62","66","62","61","59","58","57","54","",
"Bangladesh","BGD","Incidence of tuberculosis (per 100,000 people)","SH.TBS.INCD","","","","","","","","","","","","","","","","","","","","","","","","","","","","","","","225","225","225","225","225","225","225","225","225","225","225","225","225","225","225","225","225","225","225","225","225","225","225","",
"Bulgaria","BGR","Incidence of tuberculosis (per 100,000 people)","SH.TBS.INCD","","","","","","","","","","","","","","","","","","","","","","","","","","","","","","","33","41","48","54","59","62","63","62","60","59","58","58","58","57","56","53","50","48","44","41","38","35","32","",
"Bahrain","BHR","Incidence of tuberculosis (per 100,000 people)","SH.TBS.INCD","","","","","","","","","","","","","","","","","","","","","","","","","","","","","","","27","32","31","24","15","8.8","9.7","8.7","15","26","36","31","30","39","34","37","34","33","31","31","23","20","20","",
"Bahamas, The","BHS","Incidence of tuberculosis (per 100,000 people)","SH.TBS.INCD","","","","","","","","","","","","","","","","","","","","","","","","","","","","","","","21","23","27","25","33","23","24","35","30","30","32","23","16","14","19","17","21","15","16","15","9.9","13","9.9","",
"Bosnia and Herzegovina","BIH","Incidence of tuberculosis (per 100,000 people)","SH.TBS.INCD","","","","","","","","","","","","","","","","","","","","","","","","","","","","","","","94","92","93","92","89","84","83","81","79","71","63","58","56","55","53","52","52","51","51","50","50","49","49","",
"Belarus","BLR","Incidence of tuberculosis (per 100,000 people)","SH.TBS.INCD","","","","","","","","","","","","","","","","","","","","","","","","","","","","","","","34","42","49","56","62","68","74","80","84","85","84","82","77","74","73","72","71","71","70","70","70","70","70","",
"Belize","BLZ","Incidence of tuberculosis (per 100,000 people)","SH.TBS.INCD","","","","","","","","","","","","","","","","","","","","","","","","","","","","","","","40","40","40","40","40","40","40","40","40","40","40","40","40","40","40","40","40","40","40","40","40","40","40","",
"Bermuda","BMU","Incidence of tuberculosis (per 100,000 people)","SH.TBS.INCD","","","","","","","","","","","","","","","","","","","","","","","","","","","","","","","0","5.7","7.6","7.6","7.5","7.5","0","7.4","0","0","0","0","0","5.4","11","8.1","5.4","4.5","3.6","2.7","1.8","1.8","5.3","",
"Bolivia","BOL","Incidence of tuberculosis (per 100,000 people)","SH.TBS.INCD","","","","","","","","","","","","","","","","","","","","","","","","","","","","","","","251","244","236","229","222","215","209","202","196","190","184","179","173","168","163","158","153","148","144","140","135","131","127","",
"Brazil","BRA","Incidence of tuberculosis (per 100,000 people)","SH.TBS.INCD","","","","","","","","","","","","","","","","","","","","","","","","","","","","","","","84","81","78","76","73","71","69","67","64","62","60","58","57","55","53","51","50","48","47","50","46","48","46","",
"Barbados","BRB","Incidence of tuberculosis (per 100,000 people)","SH.TBS.INCD","","","","","","","","","","","","","","","","","","","","","","","","","","","","","","","2.2","2.2","2.6","2.2","1.8","1.3","1.3","2.2","3","0.86","1.3","2.6","2.1","5.1","8","5.1","2.1","6.7","1.2","0.82","2.5","0","1.6","",
"Brunei Darussalam","BRN","Incidence of tuberculosis (per 100,000 people)","SH.TBS.INCD","","","","","","","","","","","","","","","","","","","","","","","","","","","","","","","64","70","76","66","64","63","61","59","76","96","106","73","76","68","59","51","62","63","66","62","68","65","68","",
"Bhutan","BTN","Incidence of tuberculosis (per 100,000 people)","SH.TBS.INCD","","","","","","","","","","","","","","","","","","","","","","","","","","","","","","","784","733","686","641","600","561","525","491","459","429","402","376","351","329","307","287","269","251","235","220","206","192","180","",
"Botswana","BWA","Incidence of tuberculosis (per 100,000 people)","SH.TBS.INCD","","","","","","","","","","","","","","","","","","","","","","","","","","","","","","","533","612","683","748","804","855","900","931","941","938","918","882","845","810","773","733","690","645","596","545","503","455","408","",
"Sub-Saharan Africa (IFC classification)","CAA","Incidence of tuberculosis (per 100,000 people)","SH.TBS.INCD","","","","","","","","","","","","","","","","","","","","","","","","","","","","","","","","","","","","","","","","","","","","","","","","","","","","","","",
"Central African Republic","CAF","Incidence of tuberculosis (per 100,000 people)","SH.TBS.INCD","","","","","","","","","","","","","","","","","","","","","","","","","","","","","","","861","932","1011","1086","1149","1198","1227","1222","1194","1139","1071","993","914","838","762","690","623","561","511","469","433","400","367","",
"Canada","CAN","Incidence of tuberculosis (per 100,000 people)","SH.TBS.INCD","","","","","","","","","","","","","","","","","","","","","","","","","","","","","","","8.3","8.3","8.6","8.1","8.2","7.7","7.3","7.7","6.9","6.9","6.5","6.6","6.1","5.9","5.6","5.5","5.4","5.3","5.4","5.3","4.6","4.8","4.6","",
"East Asia and the Pacific (IFC classification)","CEA","Incidence of tuberculosis (per 100,000 people)","SH.TBS.INCD","","","","","","","","","","","","","","","","","","","","","","","","","","","","","","","","","","","","","","","","","","","","","","","","","","","","","","",
"Central Europe and the Baltics","CEB","Incidence of tuberculosis (per 100,000 people)","SH.TBS.INCD","","","","","","","","","","","","","","","","","","","","","","","","","","","","","","","","","","","","","","","","","","","","","","","","","","","","","","",
"Europe and Central Asia (IFC classification)","CEU","Incidence of tuberculosis (per 100,000 people)","SH.TBS.INCD","","","","","","","","","","","","","","","","","","","","","","","","","","","","","","","","","","","","","","","","","","","","","","","","","","","","","","",
"Switzerland","CHE","Incidence of tuberculosis (per 100,000 people)","SH.TBS.INCD","","","","","","","","","","","","","","","","","","","","","","","","","","","","","","","22","19","17","16","15","14","12","12","12","12","9.3","8.8","9.4","9","8.6","8","7.3","6.4","7","7.5","7.5","7.6","6","",
"Channel Islands","CHI","Incidence of tuberculosis (per 100,000 people)","SH.TBS.INCD","","","","","","","","","","","","","","","","","","","","","","","","","","","","","","","","","","","","","","","","","","","","","","","","","","","","","","",
"Chile","CHL","Incidence of tuberculosis (per 100,000 people)","SH.TBS.INCD","","","","","","","","","","","","","","","","","","","","","","","","","","","","","","","54","47","45","38","34","33","33","30","28","26","22","22","18","16","19","18","18","17","17","16","16","16","16","",
"China","CHN","Incidence of tuberculosis (per 100,000 people)","SH.TBS.INCD","","","","","","","","","","","","","","","","","","","","","","","","","","","","","","","153","148","143","138","133","129","125","120","116","113","109","105","102","98","95","92","89","86","83","80","78","75","73","",
"Cote d'Ivoire","CIV","Incidence of tuberculosis (per 100,000 people)","SH.TBS.INCD","","","","","","","","","","","","","","","","","","","","","","","","","","","","","","","238","271","307","335","361","379","390","394","390","381","369","351","329","308","287","267","249","234","217","212","190","191","172","",
"Latin America and the Caribbean (IFC classification)","CLA","Incidence of tuberculosis (per 100,000 people)","SH.TBS.INCD","","","","","","","","","","","","","","","","","","","","","","","","","","","","","","","","","","","","","","","","","","","","","","","","","","","","","","",
"Middle East and North Africa (IFC classification)","CME","Incidence of tuberculosis (per 100,000 people)","SH.TBS.INCD","","","","","","","","","","","","","","","","","","","","","","","","","","","","","","","","","","","","","","","","","","","","","","","","","","","","","","",
"Cameroon","CMR","Incidence of tuberculosis (per 100,000 people)","SH.TBS.INCD","","","","","","","","","","","","","","","","","","","","","","","","","","","","","","","112","123","137","157","181","206","231","255","277","296","310","317","320","319","317","312","306","297","273","268","274","243","238","",
"Congo, Rep.","COG","Incidence of tuberculosis (per 100,000 people)","SH.TBS.INCD","","","","","","","","","","","","","","","","","","","","","","","","","","","","","","","169","188","200","215","229","245","258","277","299","324","353","382","408","425","430","425","414","403","399","395","391","387","381","",
"Colombia","COL","Incidence of tuberculosis (per 100,000 people)","SH.TBS.INCD","","","","","","","","","","","","","","","","","","","","","","","","","","","","","","","54","52","51","50","49","48","47","46","45","44","43","42","41","40","39","38","38","37","36","35","34","34","33","",
"Comoros","COM","Incidence of tuberculosis (per 100,000 people)","SH.TBS.INCD","","","","","","","","","","","","","","","","","","","","","","","","","","","","","","","54","52","50","49","47","46","44","43","41","40","39","38","37","37","36","36","36","35","34","33","33","34","34","",
"Cabo Verde","CPV","Incidence of tuberculosis (per 100,000 people)","SH.TBS.INCD","","","","","","","","","","","","","","","","","","","","","","","","","","","","","","","175","174","172","171","169","168","166","165","163","162","160","159","157","156","155","153","152","151","149","148","147","145","144","",
"Costa Rica","CRI","Incidence of tuberculosis (per 100,000 people)","SH.TBS.INCD","","","","","","","","","","","","","","","","","","","","","","","","","","","","","","","48","47","46","45","44","43","41","40","38","36","35","33","30","28","25","23","21","19","17","16","14","12","11","",
"South Asia (IFC classification)","CSA","Incidence of tuberculosis (per 100,000 people)","SH.TBS.INCD","","","","","","","","","","","","","","","","","","","","","","","","","","","","","","","","","","","","","","","","","","","","","","","","","","","","","","",
"Caribbean small states","CSS","Incidence of tuberculosis (per 100,000 people)","SH.TBS.INCD","","","","","","","","","","","","","","","","","","","","","","","","","","","","","","","","","","","","","","","","","","","","","","","","","","","","","","",
"Cuba","CUB","Incidence of tuberculosis (per 100,000 people)","SH.TBS.INCD","","","","","","","","","","","","","","","","","","","","","","","","","","","","","","","25","23","22","21","20","19","18","16","15","14","13","12","11","10","9.6","9.2","9.1","9","9.1","9.1","9.3","9.3","9.3","",
"Curacao","CUW","Incidence of tuberculosis (per 100,000 people)","SH.TBS.INCD","","","","","","","","","","","","","","","","","","","","","","","","","","","","","","","","","","","","","","","","","","","","","","","","","","","3.9","0.76","0.74","",
"Cayman Islands","CYM","Incidence of tuberculosis (per 100,000 people)","SH.TBS.INCD","","","","","","","","","","","","","","","","","","","","","","","","","","","","","","","9.2","13","13","8","7.6","7.3","0","0","9.1","5.8","14","2.7","0","0","2.4","1.2","0","2.2","2.2","4.2","8.3","4.1","12","",
"Cyprus","CYP","Incidence of tuberculosis (per 100,000 people)","SH.TBS.INCD","","","","","","","","","","","","","","","","","","","","","","","","","","","","","","","4.4","6.3","5.6","5.2","5.1","4.8","3.2","6.1","5.7","4.8","4","4.8","2.3","4","3.4","3.8","3.9","4.4","5.1","5.7","6.4","5.3","5.4","",
"Czech Republic","CZE","Incidence of tuberculosis (per 100,000 people)","SH.TBS.INCD","","","","","","","","","","","","","","","","","","","","","","","","","","","","","","","22","23","22","21","22","20","22","20","20","18","16","15","13","13","12","11","11","8.8","8.9","7.7","6.8","6.2","5.3","",
"Germany","DEU","Incidence of tuberculosis (per 100,000 people)","SH.TBS.INCD","","","","","","","","","","","","","","","","","","","","","","","","","","","","","","","21","19","20","20","18","17","16","15","14","14","12","9.6","9.5","9.6","8.5","7.8","7.1","6.4","5.7","5.9","5.6","5.7","5.6","",
"Djibouti","DJI","Incidence of tuberculosis (per 100,000 people)","SH.TBS.INCD","","","","","","","","","","","","","","","","","","","","","","","","","","","","","","","619","619","619","619","619","619","619","619","619","619","619","619","619","619","619","619","619","619","619","620","620","620","620","",
"Dominica","DMA","Incidence of tuberculosis (per 100,000 people)","SH.TBS.INCD","","","","","","","","","","","","","","","","","","","","","","","","","","","","","","","15","15","15","14","14","14","14","14","14","14","14","14","14","14","14","13","13","13","13","13","13","13","13","",
"Denmark","DNK","Incidence of tuberculosis (per 100,000 people)","SH.TBS.INCD","","","","","","","","","","","","","","","","","","","","","","","","","","","","","","","7.8","7.5","8","9.1","11","9.8","11","12","11","13","13","11","8.6","8.4","7.6","8.4","7.2","7.5","6.9","7","6.5","7.4","7.4","",
"Dominican Republic","DOM","Incidence of tuberculosis (per 100,000 people)","SH.TBS.INCD","","","","","","","","","","","","","","","","","","","","","","","","","","","","","","","148","142","137","131","126","121","117","112","108","104","100","96","92","89","85","82","79","76","73","70","67","65","62","",
"Algeria","DZA","Incidence of tuberculosis (per 100,000 people)","SH.TBS.INCD","","","","","","","","","","","","","","","","","","","","","","","","","","","","","","","66","62","61","70","69","68","76","81","74","79","87","84","86","88","87","93","90","90","85","89","90","90","89","",
"East Asia & Pacific (developing only)","EAP","Incidence of tuberculosis (per 100,000 people)","SH.TBS.INCD","","","","","","","","","","","","","","","","","","","","","","","","","","","","","","","184","180","176","172","168","165","162","159","156","153","151","148","145","143","139","136","133","130","127","125","122","119","117","",
"East Asia & Pacific (all income levels)","EAS","Incidence of tuberculosis (per 100,000 people)","SH.TBS.INCD","","","","","","","","","","","","","","","","","","","","","","","","","","","","","","","172","168","164","160","156","153","150","147","145","142","140","138","135","132","129","127","124","121","119","116","114","112","110","",
"Europe & Central Asia (developing only)","ECA","Incidence of tuberculosis (per 100,000 people)","SH.TBS.INCD","","","","","","","","","","","","","","","","","","","","","","","","","","","","","","","80","91","102","112","121","130","137","147","152","152","149","146","141","135","127","117","109","103","94","88","81","76","67","",
"Europe & Central Asia (all income levels)","ECS","Incidence of tuberculosis (per 100,000 people)","SH.TBS.INCD","","","","","","","","","","","","","","","","","","","","","","","","","","","","","","","43","48","53","58","62","66","69","72","75","75","74","73","72","71","68","65","61","58","54","51","48","45","40","",
"Ecuador","ECU","Incidence of tuberculosis (per 100,000 people)","SH.TBS.INCD","","","","","","","","","","","","","","","","","","","","","","","","","","","","","","","174","166","158","150","143","136","130","124","118","112","107","101","97","92","88","83","79","76","72","68","65","62","59","",
"Egypt, Arab Rep.","EGY","Incidence of tuberculosis (per 100,000 people)","SH.TBS.INCD","","","","","","","","","","","","","","","","","","","","","","","","","","","","","","","34","34","34","33","32","32","30","29","28","27","26","25","24","23","22","21","20","20","19","19","18","17","17","",
"Euro area","EMU","Incidence of tuberculosis (per 100,000 people)","SH.TBS.INCD","","","","","","","","","","","","","","","","","","","","","","","","","","","","","","","","","","","","","","","","","","","","","","","","","","","","","","",
"Eritrea","ERI","Incidence of tuberculosis (per 100,000 people)","SH.TBS.INCD","","","","","","","","","","","","","","","","","","","","","","","","","","","","","","","243","233","223","213","204","198","191","182","174","165","157","148","140","133","126","121","116","111","108","103","100","97","93","",
"Spain","ESP","Incidence of tuberculosis (per 100,000 people)","SH.TBS.INCD","","","","","","","","","","","","","","","","","","","","","","","","","","","","","","","22","27","29","28","27","26","24","27","26","24","23","19","20","27","16","19","20","19","20","19","17","16","14","",
"Estonia","EST","Incidence of tuberculosis (per 100,000 people)","SH.TBS.INCD","","","","","","","","","","","","","","","","","","","","","","","","","","","","","","","31","30","30","41","49","50","56","61","68","63","67","60","53","50","46","42","37","40","35","32","25","26","23","",
"Ethiopia","ETH","Incidence of tuberculosis (per 100,000 people)","SH.TBS.INCD","","","","","","","","","","","","","","","","","","","","","","","","","","","","","","","367","377","388","398","410","419","426","431","431","428","421","408","395","379","359","342","324","308","293","280","269","258","247","",
"European Union","EUU","Incidence of tuberculosis (per 100,000 people)","SH.TBS.INCD","","","","","","","","","","","","","","","","","","","","","","","","","","","","","","","","","","","","","","","","","","","","","","","","","","","","","","",
"Fragile and conflict affected situations","FCS","Incidence of tuberculosis (per 100,000 people)","SH.TBS.INCD","","","","","","","","","","","","","","","","","","","","","","","","","","","","","","","","","","","","","","","","","","","","","","","","","","","","","","",
"Finland","FIN","Incidence of tuberculosis (per 100,000 people)","SH.TBS.INCD","","","","","","","","","","","","","","","","","","","","","","","","","","","","","","","18","18","16","12","13","15","14","13","14","13","12","10","9.9","8.7","7","7.4","6.1","6.5","7.2","11","6.7","6.7","5.5","",
"Fiji","FJI","Incidence of tuberculosis (per 100,000 people)","SH.TBS.INCD","","","","","","","","","","","","","","","","","","","","","","","","","","","","","","","112","104","97","90","83","77","72","67","62","58","54","51","48","45","42","40","37","35","32","30","28","26","24","",
"France","FRA","Incidence of tuberculosis (per 100,000 people)","SH.TBS.INCD","","","","","","","","","","","","","","","","","","","","","","","","","","","","","","","20","19","19","21","20","19","16","15","13","13","13","12","12","12","11","10","10","11","11","5.7","9.5","9.2","8.2","",
"Faeroe Islands","FRO","Incidence of tuberculosis (per 100,000 people)","SH.TBS.INCD","","","","","","","","","","","","","","","","","","","","","","","","","","","","","","","","","","","","","","","","","","","","","","","","","","","","","","",
"Micronesia, Fed. Sts.","FSM","Incidence of tuberculosis (per 100,000 people)","SH.TBS.INCD","","","","","","","","","","","","","","","","","","","","","","","","","","","","","","","379","367","356","346","335","325","315","306","297","288","279","271","263","255","247","240","232","226","219","212","206","200","194","",
"Gabon","GAB","Incidence of tuberculosis (per 100,000 people)","SH.TBS.INCD","","","","","","","","","","","","","","","","","","","","","","","","","","","","","","","221","228","255","271","293","315","343","368","401","476","527","557","586","594","597","586","578","542","523","511","475","450","428","",
"United Kingdom","GBR","Incidence of tuberculosis (per 100,000 people)","SH.TBS.INCD","","","","","","","","","","","","","","","","","","","","","","","","","","","","","","","12","12","12","13","12","12","12","12","12","12","12","11","13","13","13","15","15","15","15","16","14","15","15","",
"Georgia","GEO","Incidence of tuberculosis (per 100,000 people)","SH.TBS.INCD","","","","","","","","","","","","","","","","","","","","","","","","","","","","","","","280","273","268","266","264","263","263","264","263","261","256","244","227","210","193","175","160","149","139","132","128","125","116","",
"Ghana","GHA","Incidence of tuberculosis (per 100,000 people)","SH.TBS.INCD","","","","","","","","","","","","","","","","","","","","","","","","","","","","","","","155","159","163","165","166","167","167","166","162","158","152","145","138","132","125","119","112","106","99","92","86","79","72","",
"Guinea","GIN","Incidence of tuberculosis (per 100,000 people)","SH.TBS.INCD","","","","","","","","","","","","","","","","","","","","","","","","","","","","","","","248","249","251","251","251","249","246","244","241","237","234","206","225","220","216","211","205","200","196","187","188","183","178","",
"Gambia, The","GMB","Incidence of tuberculosis (per 100,000 people)","SH.TBS.INCD","","","","","","","","","","","","","","","","","","","","","","","","","","","","","","","185","189","193","196","200","204","208","212","217","221","225","230","234","239","244","248","253","258","263","269","273","279","284","",
"Guinea-Bissau","GNB","Incidence of tuberculosis (per 100,000 people)","SH.TBS.INCD","","","","","","","","","","","","","","","","","","","","","","","","","","","","","","","158","161","164","167","170","174","177","181","184","188","192","195","199","203","207","211","216","220","224","229","233","238","242","",
"Equatorial Guinea","GNQ","Incidence of tuberculosis (per 100,000 people)","SH.TBS.INCD","","","","","","","","","","","","","","","","","","","","","","","","","","","","","","","80","99","75","86","96","80","80","89","98","99","101","102","103","104","105","110","115","120","125","120","135","142","139","",
"Greece","GRC","Incidence of tuberculosis (per 100,000 people)","SH.TBS.INCD","","","","","","","","","","","","","","","","","","","","","","","","","","","","","","","9.9","8.6","10","10","10","10","10","8.1","12","9.8","7.4","5.3","5.9","6.2","7.6","7.2","6.4","6.4","6.1","6.1","4.6","4.7","4.5","",
"Grenada","GRD","Incidence of tuberculosis (per 100,000 people)","SH.TBS.INCD","","","","","","","","","","","","","","","","","","","","","","","","","","","","","","","4.6","4.6","4.6","4.6","4.5","4.5","4.5","4.4","4.4","4.4","4.4","4.3","4.3","4.3","4.3","4.2","4.2","4.2","4.2","4.1","4.1","4.1","4.1","",
"Greenland","GRL","Incidence of tuberculosis (per 100,000 people)","SH.TBS.INCD","","","","","","","","","","","","","","","","","","","","","","","","","","","","","","","191","191","191","191","191","191","191","191","191","191","191","191","191","191","191","191","191","191","191","128","232","234","170","",
"Guatemala","GTM","Incidence of tuberculosis (per 100,000 people)","SH.TBS.INCD","","","","","","","","","","","","","","","","","","","","","","","","","","","","","","","74","74","73","72","72","71","70","70","69","68","68","67","67","66","65","65","64","63","63","62","62","61","60","",
"Guam","GUM","Incidence of tuberculosis (per 100,000 people)","SH.TBS.INCD","","","","","","","","","","","","","","","","","","","","","","","","","","","","","","","50","50","50","58","76","68","61","55","49","44","40","46","37","16","36","46","32","38","65","74","73","59","48","",
"Guyana","GUY","Incidence of tuberculosis (per 100,000 people)","SH.TBS.INCD","","","","","","","","","","","","","","","","","","","","","","","","","","","","","","","89","89","89","89","89","89","89","89","95","100","104","108","111","114","115","115","115","114","113","112","111","110","109","",
"High income","HIC","Incidence of tuberculosis (per 100,000 people)","SH.TBS.INCD","","","","","","","","","","","","","","","","","","","","","","","","","","","","","","","32","32","32","33","33","34","34","33","34","33","32","33","32","33","31","31","30","29","28","27","25","24","23","",
"Hong Kong SAR, China","HKG","Incidence of tuberculosis (per 100,000 people)","SH.TBS.INCD","","","","","","","","","","","","","","","","","","","","","","","","","","","","","","","129","123","127","126","120","116","119","126","134","96","101","113","104","98","95","94","92","89","92","85","81","77","77","",
"Honduras","HND","Incidence of tuberculosis (per 100,000 people)","SH.TBS.INCD","","","","","","","","","","","","","","","","","","","","","","","","","","","","","","","113","114","114","114","114","115","115","117","117","116","114","110","102","91","81","73","66","60","57","55","54","54","54","",
"Heavily indebted poor countries (HIPC)","HPC","Incidence of tuberculosis (per 100,000 people)","SH.TBS.INCD","","","","","","","","","","","","","","","","","","","","","","","","","","","","","","","","","","","","","","","","","","","","","","","","","","","","","","",
"Croatia","HRV","Incidence of tuberculosis (per 100,000 people)","SH.TBS.INCD","","","","","","","","","","","","","","","","","","","","","","","","","","","","","","","62","52","53","55","54","52","54","51","53","45","42","36","37","36","31","28","27","25","26","22","18","16","14","",
"Haiti","HTI","Incidence of tuberculosis (per 100,000 people)","SH.TBS.INCD","","","","","","","","","","","","","","","","","","","","","","","","","","","","","","","247","247","247","247","247","247","247","247","256","264","271","276","279","280","277","272","264","256","246","238","230","222","213","",
"Hungary","HUN","Incidence of tuberculosis (per 100,000 people)","SH.TBS.INCD","","","","","","","","","","","","","","","","","","","","","","","","","","","","","","","39","42","45","46","47","48","47","46","43","41","37","34","30","27","24","22","20","18","18","17","17","18","18","",
"Indonesia","IDN","Incidence of tuberculosis (per 100,000 people)","SH.TBS.INCD","","","","","","","","","","","","","","","","","","","","","","","","","","","","","","","206","205","205","205","205","205","204","204","204","204","204","204","204","202","201","199","197","195","193","191","189","187","185","",
"Isle of Man","IMN","Incidence of tuberculosis (per 100,000 people)","SH.TBS.INCD","","","","","","","","","","","","","","","","","","","","","","","","","","","","","","","","","","","","","","","","","","","","","","","","","","","","","","",
"India","IND","Incidence of tuberculosis (per 100,000 people)","SH.TBS.INCD","","","","","","","","","","","","","","","","","","","","","","","","","","","","","","","216","216","216","216","216","216","216","216","216","216","216","216","215","214","212","209","205","201","196","190","185","181","176","",
"Not classified","INX","Incidence of tuberculosis (per 100,000 people)","SH.TBS.INCD","","","","","","","","","","","","","","","","","","","","","","","","","","","","","","","","","","","","","","","","","","","","","","","","","","","","","","",
"Ireland","IRL","Incidence of tuberculosis (per 100,000 people)","SH.TBS.INCD","","","","","","","","","","","","","","","","","","","","","","","","","","","","","","","20","21","20","19","17","15","14","13","13","14","12","12","11","12","11","12","12","12","11","12","10","10","8.6","",
"Iran, Islamic Rep.","IRN","Incidence of tuberculosis (per 100,000 people)","SH.TBS.INCD","","","","","","","","","","","","","","","","","","","","","","","","","","","","","","","31","34","35","36","36","35","34","31","29","27","26","24","23","22","21","20","20","19","19","19","20","21","21","",
"Iraq","IRQ","Incidence of tuberculosis (per 100,000 people)","SH.TBS.INCD","","","","","","","","","","","","","","","","","","","","","","","","","","","","","","","54","53","53","53","53","53","52","52","51","51","50","50","49","49","48","48","48","47","46","46","45","45","45","",
"Iceland","ISL","Incidence of tuberculosis (per 100,000 people)","SH.TBS.INCD","","","","","","","","","","","","","","","","","","","","","","","","","","","","","","","8.1","6.7","7.1","4.8","7.8","5.2","4.7","4.2","7.1","4.1","5.3","4.9","3.2","2","4.3","3.9","5","4.5","2.2","4.4","8","2.9","3.5","",
"Israel","ISR","Incidence of tuberculosis (per 100,000 people)","SH.TBS.INCD","","","","","","","","","","","","","","","","","","","","","","","","","","","","","","","6","13","8.3","9.7","8.8","8.6","7.7","8.6","13","10","10","9.6","8.6","8.5","8.1","6.5","5.8","6.6","5.2","5.5","5.3","6.3","7.6","",
"Italy","ITA","Incidence of tuberculosis (per 100,000 people)","SH.TBS.INCD","","","","","","","","","","","","","","","","","","","","","","","","","","","","","","","8.6","7.5","9.5","9.6","12","11","8.4","9.3","12","9","7.1","8.6","7.8","8.7","7.8","7.5","8.1","5.3","7.9","7.4","6","6.5","6.7","",
"Jamaica","JAM","Incidence of tuberculosis (per 100,000 people)","SH.TBS.INCD","","","","","","","","","","","","","","","","","","","","","","","","","","","","","","","6.5","6.5","6.5","6.5","6.5","6.5","6.5","6.5","6.5","6.5","6.5","6.5","6.5","6.5","6.5","6.5","6.5","6.5","6.6","6.6","6.6","6.6","6.6","",
"Jordan","JOR","Incidence of tuberculosis (per 100,000 people)","SH.TBS.INCD","","","","","","","","","","","","","","","","","","","","","","","","","","","","","","","14","14","14","13","12","12","11","10","9.6","8.8","8.1","7.7","7.5","7.3","7.2","7.2","7.1","6.9","6.8","6.5","6.3","6","5.8","",
"Japan","JPN","Incidence of tuberculosis (per 100,000 people)","SH.TBS.INCD","","","","","","","","","","","","","","","","","","","","","","","","","","","","","","","49","47","46","45","41","40","39","39","40","37","36","32","30","29","27","25","23","22","22","21","20","20","19","",
"Kazakhstan","KAZ","Incidence of tuberculosis (per 100,000 people)","SH.TBS.INCD","","","","","","","","","","","","","","","","","","","","","","","","","","","","","","","79","124","173","224","274","318","357","387","403","383","351","325","290","263","247","235","217","215","184","196","182","193","137","",
"Kenya","KEN","Incidence of tuberculosis (per 100,000 people)","SH.TBS.INCD","","","","","","","","","","","","","","","","","","","","","","","","","","","","","","","139","139","142","148","157","169","184","203","230","259","286","314","336","349","357","359","355","347","332","312","298","288","272","",
"Kyrgyz Republic","KGZ","Incidence of tuberculosis (per 100,000 people)","SH.TBS.INCD","","","","","","","","","","","","","","","","","","","","","","","","","","","","","","","92","105","119","135","151","168","186","205","221","237","249","250","246","238","226","208","192","178","164","151","141","141","141","",
"Cambodia","KHM","Incidence of tuberculosis (per 100,000 people)","SH.TBS.INCD","","","","","","","","","","","","","","","","","","","","","","","","","","","","","","","580","579","579","579","578","578","578","577","577","577","577","571","560","543","526","510","494","479","465","451","437","424","411","",
"Kiribati","KIR","Incidence of tuberculosis (per 100,000 people)","SH.TBS.INCD","","","","","","","","","","","","","","","","","","","","","","","","","","","","","","","116","146","189","268","389","505","587","605","534","443","372","332","342","393","448","488","514","447","442","361","366","432","429","",
"St. Kitts and Nevis","KNA","Incidence of tuberculosis (per 100,000 people)","SH.TBS.INCD","","","","","","","","","","","","","","","","","","","","","","","","","","","","","","","0","2.8","11","16","5.4","13","8","31","13","7.7","0","5","7.4","2.4","4.8","0","2.3","9.1","11","8.9","4.4","2.2","4.3","",
"Korea, Rep.","KOR","Incidence of tuberculosis (per 100,000 people)","SH.TBS.INCD","","","","","","","","","","","","","","","","","","","","","","","","","","","","","","","171","153","126","123","99","108","101","84","88","81","54","93","87","91","85","105","102","101","97","103","105","109","108","",
"Kosovo","KSV","Incidence of tuberculosis (per 100,000 people)","SH.TBS.INCD","","","","","","","","","","","","","","","","","","","","","","","","","","","","","","","","","","","","","","","","","","","","","","","","","","","","","","",
"Kuwait","KWT","Incidence of tuberculosis (per 100,000 people)","SH.TBS.INCD","","","","","","","","","","","","","","","","","","","","","","","","","","","","","","","15","19","17","14","17","24","29","37","38","33","31","29","33","31","29","26","31","29","37","38","37","25","26","",
"Latin America & Caribbean (developing only)","LAC","Incidence of tuberculosis (per 100,000 people)","SH.TBS.INCD","","","","","","","","","","","","","","","","","","","","","","","","","","","","","","","92","88","85","82","79","76","73","70","68","65","63","61","59","57","55","53","51","49","48","48","46","46","45","",
"Lao PDR","LAO","Incidence of tuberculosis (per 100,000 people)","SH.TBS.INCD","","","","","","","","","","","","","","","","","","","","","","","","","","","","","","","492","473","455","437","420","403","387","372","358","344","330","317","305","293","281","270","260","250","240","230","221","213","204","",
"Lebanon","LBN","Incidence of tuberculosis (per 100,000 people)","SH.TBS.INCD","","","","","","","","","","","","","","","","","","","","","","","","","","","","","","","35","34","33","32","31","29","27","25","22","20","17","15","13","12","12","11","11","12","12","13","14","15","16","",
"Liberia","LBR","Incidence of tuberculosis (per 100,000 people)","SH.TBS.INCD","","","","","","","","","","","","","","","","","","","","","","","","","","","","","","","199","203","207","211","215","219","223","228","232","237","242","246","251","256","261","266","272","277","283","288","293","299","304","",
"Libya","LBY","Incidence of tuberculosis (per 100,000 people)","SH.TBS.INCD","","","","","","","","","","","","","","","","","","","","","","","","","","","","","","","40","40","40","40","40","40","40","40","40","40","40","40","40","40","40","40","40","40","40","40","40","40","40","",
"St. Lucia","LCA","Incidence of tuberculosis (per 100,000 people)","SH.TBS.INCD","","","","","","","","","","","","","","","","","","","","","","","","","","","","","","","15","17","18","18","19","18","17","16","14","13","12","11","10","10","10","11","11","10","9.5","8.4","6.9","5.1","3.3","",
"Latin America & Caribbean (all income levels)","LCN","Incidence of tuberculosis (per 100,000 people)","SH.TBS.INCD","","","","","","","","","","","","","","","","","","","","","","","","","","","","","","","89","86","82","79","76","73","70","68","65","63","61","59","57","55","53","51","49","48","47","47","45","45","43","",
"Latin America and the Caribbean","LCR","Incidence of tuberculosis (per 100,000 people)","SH.TBS.INCD","","","","","","","","","","","","","","","","","","","","","","","","","","","","","","","","","","","","","","","","","","","","","","","","","","","","","","",
"Least developed countries: UN classification","LDC","Incidence of tuberculosis (per 100,000 people)","SH.TBS.INCD","","","","","","","","","","","","","","","","","","","","","","","","","","","","","","","","","","","","","","","","","","","","","","","","","","","","","","",
"Low income","LIC","Incidence of tuberculosis (per 100,000 people)","SH.TBS.INCD","","","","","","","","","","","","","","","","","","","","","","","","","","","","","","","289","293","296","300","303","306","308","310","311","311","310","307","304","300","294","289","283","277","271","264","259","254","248","",
"Liechtenstein","LIE","Incidence of tuberculosis (per 100,000 people)","SH.TBS.INCD","","","","","","","","","","","","","","","","","","","","","","","","","","","","","","","","","","","","","","","","","","","","","","","","","","","","","","",
"Sri Lanka","LKA","Incidence of tuberculosis (per 100,000 people)","SH.TBS.INCD","","","","","","","","","","","","","","","","","","","","","","","","","","","","","","","66","66","66","66","66","66","66","66","66","66","66","66","66","66","66","66","66","66","66","66","66","66","66","",
"Lower middle income","LMC","Incidence of tuberculosis (per 100,000 people)","SH.TBS.INCD","","","","","","","","","","","","","","","","","","","","","","","","","","","","","","","200","201","201","201","202","202","203","203","204","204","204","204","203","201","199","195","192","187","182","177","174","169","165","",
"Low & middle income","LMY","Incidence of tuberculosis (per 100,000 people)","SH.TBS.INCD","","","","","","","","","","","","","","","","","","","","","","","","","","","","","","","179","178","178","177","177","177","177","177","177","176","176","176","175","173","171","168","164","161","157","154","151","148","144","",
"Lesotho","LSO","Incidence of tuberculosis (per 100,000 people)","SH.TBS.INCD","","","","","","","","","","","","","","","","","","","","","","","","","","","","","","","184","201","218","244","280","323","362","409","461","519","553","576","613","635","643","639","638","637","635","634","633","632","630","",
"Lithuania","LTU","Incidence of tuberculosis (per 100,000 people)","SH.TBS.INCD","","","","","","","","","","","","","","","","","","","","","","","","","","","","","","","44","55","65","74","82","89","95","101","105","105","103","100","95","91","89","87","84","81","79","76","73","69","66","",
"Luxembourg","LUX","Incidence of tuberculosis (per 100,000 people)","SH.TBS.INCD","","","","","","","","","","","","","","","","","","","","","","","","","","","","","","","14","14","7.3","10","9.4","9","11","10","12","9.9","12","8.1","8","14","7.9","9.3","8.1","9.4","6.6","6.2","6.6","5.6","6.5","",
"Latvia","LVA","Incidence of tuberculosis (per 100,000 people)","SH.TBS.INCD","","","","","","","","","","","","","","","","","","","","","","","","","","","","","","","57","73","88","102","115","126","133","137","137","130","121","113","103","93","84","75","67","65","56","52","50","48","53","",
"Macao SAR, China","MAC","Incidence of tuberculosis (per 100,000 people)","SH.TBS.INCD","","","","","","","","","","","","","","","","","","","","","","","","","","","","","","","110","102","89","85","99","116","162","160","128","124","120","122","100","96","85","98","99","89","89","76","85","80","83","",
"St. Martin (French part)","MAF","Incidence of tuberculosis (per 100,000 people)","SH.TBS.INCD","","","","","","","","","","","","","","","","","","","","","","","","","","","","","","","","","","","","","","","","","","","","","","","","","","","","","","",
"Morocco","MAR","Incidence of tuberculosis (per 100,000 people)","SH.TBS.INCD","","","","","","","","","","","","","","","","","","","","","","","","","","","","","","","147","149","150","151","152","152","145","137","132","123","117","113","109","105","103","100","98","98","98","99","100","103","103","",
"Mexico and Central America","MCA","Incidence of tuberculosis (per 100,000 people)","SH.TBS.INCD","","","","","","","","","","","","","","","","","","","","","","","","","","","","","","","","","","","","","","","","","","","","","","","","","","","","","","",
"Monaco","MCO","Incidence of tuberculosis (per 100,000 people)","SH.TBS.INCD","","","","","","","","","","","","","","","","","","","","","","","","","","","","","","","3.9","0","3.9","3.8","3.8","3.7","0","0","0","11","0","0","0","0.39","0.78","1.2","1.6","2","2.3","2.7","3.1","2.1","2.1","",
"Moldova","MDA","Incidence of tuberculosis (per 100,000 people)","SH.TBS.INCD","","","","","","","","","","","","","","","","","","","","","","","","","","","","","","","54","65","77","88","99","109","118","126","134","140","147","155","163","170","174","175","175","175","173","170","166","161","160","",
"Madagascar","MDG","Incidence of tuberculosis (per 100,000 people)","SH.TBS.INCD","","","","","","","","","","","","","","","","","","","","","","","","","","","","","","","391","384","371","359","347","335","324","315","308","300","293","286","282","274","268","262","256","252","247","245","242","238","234","",
"Maldives","MDV","Incidence of tuberculosis (per 100,000 people)","SH.TBS.INCD","","","","","","","","","","","","","","","","","","","","","","","","","","","","","","","150","140","130","121","130","118","106","84","84","72","60","63","55","60","51","51","41","52","48","39","36","33","41","",
"Middle East & North Africa (all income levels)","MEA","Incidence of tuberculosis (per 100,000 people)","SH.TBS.INCD","","","","","","","","","","","","","","","","","","","","","","","","","","","","","","","54","54","54","55","55","55","54","53","50","49","48","46","45","44","42","41","40","39","38","38","38","37","37","",
"Mexico","MEX","Incidence of tuberculosis (per 100,000 people)","SH.TBS.INCD","","","","","","","","","","","","","","","","","","","","","","","","","","","","","","","67","62","58","54","50","46","42","39","36","33","31","28","26","25","23","22","22","22","22","22","22","23","23","",
"Marshall Islands","MHL","Incidence of tuberculosis (per 100,000 people)","SH.TBS.INCD","","","","","","","","","","","","","","","","","","","","","","","","","","","","","","","137","147","156","167","178","190","203","216","231","246","263","280","299","319","340","363","388","413","441","471","502","536","572","",
"Middle income","MIC","Incidence of tuberculosis (per 100,000 people)","SH.TBS.INCD","","","","","","","","","","","","","","","","","","","","","","","","","","","","","","","164","163","161","160","159","159","158","157","157","157","156","156","155","154","151","149","146","142","139","136","133","130","127","",
"Macedonia, FYR","MKD","Incidence of tuberculosis (per 100,000 people)","SH.TBS.INCD","","","","","","","","","","","","","","","","","","","","","","","","","","","","","","","81","76","71","66","62","58","54","51","47","44","41","39","36","34","32","30","28","26","24","23","21","20","18","",
"Mali","MLI","Incidence of tuberculosis (per 100,000 people)","SH.TBS.INCD","","","","","","","","","","","","","","","","","","","","","","","","","","","","","","","76","77","78","79","80","80","80","80","79","78","77","76","74","72","71","69","68","67","65","64","63","62","60","",
"Malta","MLT","Incidence of tuberculosis (per 100,000 people)","SH.TBS.INCD","","","","","","","","","","","","","","","","","","","","","","","","","","","","","","","4","7.9","9","7.7","7.3","3.2","8.1","3.2","4.6","6.2","4.5","4.5","6.7","2","5","6.1","8.3","10","13","11","7.9","8.1","11","",
"Myanmar","MMR","Incidence of tuberculosis (per 100,000 people)","SH.TBS.INCD","","","","","","","","","","","","","","","","","","","","","","","","","","","","","","","393","396","398","400","402","404","406","408","410","411","412","411","410","408","406","403","400","396","393","388","384","381","377","",
"Middle East & North Africa (developing only)","MNA","Incidence of tuberculosis (per 100,000 people)","SH.TBS.INCD","","","","","","","","","","","","","","","","","","","","","","","","","","","","","","","59","59","59","60","60","59","59","57","54","53","52","50","49","47","46","45","44","43","41","41","41","41","41","",
"Montenegro","MNE","Incidence of tuberculosis (per 100,000 people)","SH.TBS.INCD","","","","","","","","","","","","","","","","","","","","","","","","","","","","","","","","","","","","","","","","","","","","","","29","31","27","24","21","20","20","18","",
"Mongolia","MNG","Incidence of tuberculosis (per 100,000 people)","SH.TBS.INCD","","","","","","","","","","","","","","","","","","","","","","","","","","","","","","","405","384","365","347","330","314","299","286","274","263","254","245","238","232","228","225","222","222","222","224","224","223","223","",
"Northern Mariana Islands","MNP","Incidence of tuberculosis (per 100,000 people)","SH.TBS.INCD","","","","","","","","","","","","","","","","","","","","","","","","","","","","","","","73","107","156","123","97","96","97","170","171","113","126","97","89","77","92","102","94","85","56","79","68","71","69","",
"Mozambique","MOZ","Incidence of tuberculosis (per 100,000 people)","SH.TBS.INCD","","","","","","","","","","","","","","","","","","","","","","","","","","","","","","","401","419","436","451","465","478","490","500","506","511","513","514","515","518","520","524","527","531","535","539","544","548","552","",
"Mauritania","MRT","Incidence of tuberculosis (per 100,000 people)","SH.TBS.INCD","","","","","","","","","","","","","","","","","","","","","","","","","","","","","","","228","232","237","241","246","251","256","261","266","272","277","282","288","294","300","305","312","318","324","330","337","344","350","",
"Mauritius","MUS","Incidence of tuberculosis (per 100,000 people)","SH.TBS.INCD","","","","","","","","","","","","","","","","","","","","","","","","","","","","","","","28","27","27","27","26","26","26","25","25","25","24","24","24","24","23","23","23","22","22","22","22","21","21","",
"Malawi","MWI","Incidence of tuberculosis (per 100,000 people)","SH.TBS.INCD","","","","","","","","","","","","","","","","","","","","","","","","","","","","","","","326","361","392","419","442","462","479","488","488","481","467","445","422","401","378","354","328","301","273","243","219","191","163","",
"Malaysia","MYS","Incidence of tuberculosis (per 100,000 people)","SH.TBS.INCD","","","","","","","","","","","","","","","","","","","","","","","","","","","","","","","127","123","119","115","111","108","105","102","99","97","95","92","91","89","87","86","85","84","83","83","82","81","80","",
"North America","NAC","Incidence of tuberculosis (per 100,000 people)","SH.TBS.INCD","","","","","","","","","","","","","","","","","","","","","","","","","","","","","","","11","11","11","11","10","9.5","8.8","8.2","7.5","7.1","6.6","6.4","6","5.8","5.6","5.4","5.3","5.1","4.9","4.4","4.2","3.9","3.7","",
"Namibia","NAM","Incidence of tuberculosis (per 100,000 people)","SH.TBS.INCD","","","","","","","","","","","","","","","","","","","","","","","","","","","","","","","379","373","380","416","474","575","771","916","1087","1262","1407","1663","1808","1826","1720","1392","1231","1134","1154","989","867","723","655","",
"New Caledonia","NCL","Incidence of tuberculosis (per 100,000 people)","SH.TBS.INCD","","","","","","","","","","","","","","","","","","","","","","","","","","","","","","","98","93","91","66","60","53","62","51","51","44","51","33","34","20","31","24","25","23","24","26","23","24","17","",
"Niger","NER","Incidence of tuberculosis (per 100,000 people)","SH.TBS.INCD","","","","","","","","","","","","","","","","","","","","","","","","","","","","","","","358","352","331","310","286","270","253","236","218","204","191","178","168","159","150","142","136","129","123","119","113","108","104","",
"Nigeria","NGA","Incidence of tuberculosis (per 100,000 people)","SH.TBS.INCD","","","","","","","","","","","","","","","","","","","","","","","","","","","","","","","128","129","130","132","135","139","143","149","157","165","172","178","182","182","180","175","168","158","145","130","133","118","108","",
"Nicaragua","NIC","Incidence of tuberculosis (per 100,000 people)","SH.TBS.INCD","","","","","","","","","","","","","","","","","","","","","","","","","","","","","","","108","103","98","94","89","85","81","78","74","71","68","64","62","59","56","53","51","49","46","44","42","40","38","",
"Netherlands","NLD","Incidence of tuberculosis (per 100,000 people)","SH.TBS.INCD","","","","","","","","","","","","","","","","","","","","","","","","","","","","","","","11","10","11","12","14","12","12","11","9.8","10","9","10","9.7","9.3","9.3","8","7","6.5","6.7","7.9","7.2","6.8","6.3","",
"High income: nonOECD","NOC","Incidence of tuberculosis (per 100,000 people)","SH.TBS.INCD","","","","","","","","","","","","","","","","","","","","","","","","","","","","","","","45","53","60","68","75","81","87","93","97","99","102","104","107","107","105","102","98","94","89","84","78","72","67","",
"Norway","NOR","Incidence of tuberculosis (per 100,000 people)","SH.TBS.INCD","","","","","","","","","","","","","","","","","","","","","","","","","","","","","","","7.7","7.8","7.7","6.8","6.4","6.2","5.7","5.3","6.3","5.5","5.7","7","6.2","8.4","7.1","6.9","6.8","6.9","7.1","8.6","7","7.5","7.5","",
"Nepal","NPL","Incidence of tuberculosis (per 100,000 people)","SH.TBS.INCD","","","","","","","","","","","","","","","","","","","","","","","","","","","","","","","163","163","163","163","163","163","163","163","163","163","163","163","163","163","163","163","163","163","163","163","163","163","163","",
"New Zealand","NZL","Incidence of tuberculosis (per 100,000 people)","SH.TBS.INCD","","","","","","","","","","","","","","","","","","","","","","","","","","","","","","","12","11","10","8.8","11","12","11","9.8","11","13","10","11","9.5","12","10","9.2","9.5","7.4","7.8","7.9","7.9","7.9","7.6","",
"High income: OECD","OEC","Incidence of tuberculosis (per 100,000 people)","SH.TBS.INCD","","","","","","","","","","","","","","","","","","","","","","","","","","","","","","","29","28","26","26","24","23","22","21","21","19","17","18","17","17","15","16","15","15","15","15","14","14","14","",
"OECD members","OED","Incidence of tuberculosis (per 100,000 people)","SH.TBS.INCD","","","","","","","","","","","","","","","","","","","","","","","","","","","","","","","","","","","","","","","","","","","","","","","","","","","","","","",
"Oman","OMN","Incidence of tuberculosis (per 100,000 people)","SH.TBS.INCD","","","","","","","","","","","","","","","","","","","","","","","","","","","","","","","31","27","21","16","17","15","16","16","15","13","17","15","14","12","14","12","15","15","16","14","13","13","13","",
"Other small states","OSS","Incidence of tuberculosis (per 100,000 people)","SH.TBS.INCD","","","","","","","","","","","","","","","","","","","","","","","","","","","","","","","","","","","","","","","","","","","","","","","","","","","","","","",
"Pakistan","PAK","Incidence of tuberculosis (per 100,000 people)","SH.TBS.INCD","","","","","","","","","","","","","","","","","","","","","","","","","","","","","","","231","231","231","231","231","231","231","231","231","231","231","231","231","231","231","231","231","231","231","231","231","231","231","",
"Panama","PAN","Incidence of tuberculosis (per 100,000 people)","SH.TBS.INCD","","","","","","","","","","","","","","","","","","","","","","","","","","","","","","","47","47","47","47","47","47","47","47","47","47","47","47","47","47","47","47","47","47","47","48","48","48","48","",
"Peru","PER","Incidence of tuberculosis (per 100,000 people)","SH.TBS.INCD","","","","","","","","","","","","","","","","","","","","","","","","","","","","","","","317","301","285","270","255","242","229","217","205","195","184","174","165","156","148","140","133","126","119","113","106","101","95","",
"Philippines","PHL","Incidence of tuberculosis (per 100,000 people)","SH.TBS.INCD","","","","","","","","","","","","","","","","","","","","","","","","","","","","","","","393","386","380","373","366","360","353","347","341","335","329","323","317","312","306","301","295","290","285","280","275","270","265","",
"Palau","PLW","Incidence of tuberculosis (per 100,000 people)","SH.TBS.INCD","","","","","","","","","","","","","","","","","","","","","","","","","","","","","","","45","52","34","204","325","147","38","110","158","226","156","108","75","61","34","67","80","73","95","125","116","73","24","",
"Papua New Guinea","PNG","Incidence of tuberculosis (per 100,000 people)","SH.TBS.INCD","","","","","","","","","","","","","","","","","","","","","","","","","","","","","","","308","310","310","310","314","322","326","334","338","344","349","352","354","354","355","358","357","354","333","351","348","346","348","",
"Poland","POL","Incidence of tuberculosis (per 100,000 people)","SH.TBS.INCD","","","","","","","","","","","","","","","","","","","","","","","","","","","","","","","49","50","50","50","50","48","46","42","40","36","33","30","30","30","26","25","24","24","22","24","21","24","21","",
"Puerto Rico","PRI","Incidence of tuberculosis (per 100,000 people)","SH.TBS.INCD","","","","","","","","","","","","","","","","","","","","","","","","","","","","","","","5.2","7.8","8","8.1","8.6","8.2","6.9","7.9","6.1","6.1","5.3","3.7","3.9","3.5","3.7","3.5","3.4","3","2.9","1.9","2.5","1.6","2.2","",
"Korea, Dem. Rep.","PRK","Incidence of tuberculosis (per 100,000 people)","SH.TBS.INCD","","","","","","","","","","","","","","","","","","","","","","","","","","","","","","","383","383","383","383","383","383","383","383","383","383","383","383","383","383","383","383","383","383","387","391","395","404","409","",
"Portugal","PRT","Incidence of tuberculosis (per 100,000 people)","SH.TBS.INCD","","","","","","","","","","","","","","","","","","","","","","","","","","","","","","","72","69","68","63","64","64","60","58","59","52","47","48","48","44","40","36","35","32","31","30","27","26","26","",
"Paraguay","PRY","Incidence of tuberculosis (per 100,000 people)","SH.TBS.INCD","","","","","","","","","","","","","","","","","","","","","","","","","","","","","","","66","63","60","57","54","52","51","50","49","49","49","49","49","49","49","49","49","48","48","47","46","45","45","",
"Pacific island small states","PSS","Incidence of tuberculosis (per 100,000 people)","SH.TBS.INCD","","","","","","","","","","","","","","","","","","","","","","","","","","","","","","","","","","","","","","","","","","","","","","","","","","","","","","",
"French Polynesia","PYF","Incidence of tuberculosis (per 100,000 people)","SH.TBS.INCD","","","","","","","","","","","","","","","","","","","","","","","","","","","","","","","34","28","46","43","48","47","45","47","53","46","30","30","31","24","28","28","31","28","22","23","18","27","21","",
"Qatar","QAT","Incidence of tuberculosis (per 100,000 people)","SH.TBS.INCD","","","","","","","","","","","","","","","","","","","","","","","","","","","","","","","44","46","46","47","57","70","58","46","53","52","54","53","51","48","43","46","40","40","48","46","38","33","41","",
"Romania","ROU","Incidence of tuberculosis (per 100,000 people)","SH.TBS.INCD","","","","","","","","","","","","","","","","","","","","","","","","","","","","","","","146","158","168","177","184","189","191","191","189","186","181","175","168","161","154","147","139","132","124","116","109","101","94","",
"Russian Federation","RUS","Incidence of tuberculosis (per 100,000 people)","SH.TBS.INCD","","","","","","","","","","","","","","","","","","","","","","","","","","","","","","","47","57","68","77","87","96","104","111","117","123","127","132","137","140","139","135","131","126","120","113","106","97","91","",
"Rwanda","RWA","Incidence of tuberculosis (per 100,000 people)","SH.TBS.INCD","","","","","","","","","","","","","","","","","","","","","","","","","","","","","","","290","340","386","498","505","513","518","483","444","380","325","278","238","204","176","181","152","135","120","114","106","94","86","",
"South Asia","SAS","Incidence of tuberculosis (per 100,000 people)","SH.TBS.INCD","","","","","","","","","","","","","","","","","","","","","","","","","","","","","","","216","215","215","215","215","215","215","215","215","215","215","215","215","213","212","210","207","204","200","196","192","189","185","",
"Saudi Arabia","SAU","Incidence of tuberculosis (per 100,000 people)","SH.TBS.INCD","","","","","","","","","","","","","","","","","","","","","","","","","","","","","","","17","15","13","15","16","17","18","19","19","21","20","18","18","17","16","16","17","18","18","17","19","16","15","",
"Southern Cone Extended","SCE","Incidence of tuberculosis (per 100,000 people)","SH.TBS.INCD","","","","","","","","","","","","","","","","","","","","","","","","","","","","","","","","","","","","","","","","","","","","","","","","","","","","","","",
"Sudan","SDN","Incidence of tuberculosis (per 100,000 people)","SH.TBS.INCD","","","","","","","","","","","","","","","","","","","","","","","","","","","","","","","170","167","166","163","160","158","154","152","149","147","144","142","140","137","135","133","129","126","124","121","119","117","114","",
"Senegal","SEN","Incidence of tuberculosis (per 100,000 people)","SH.TBS.INCD","","","","","","","","","","","","","","","","","","","","","","","","","","","","","","","138","139","141","145","149","153","158","160","158","158","155","151","149","146","144","142","140","138","140","133","137","136","137","",
"Singapore","SGP","Incidence of tuberculosis (per 100,000 people)","SH.TBS.INCD","","","","","","","","","","","","","","","","","","","","","","","","","","","","","","","61","68","64","64","57","62","63","62","65","54","51","44","42","43","37","35","33","33","37","35","35","36","50","",
"Solomon Islands","SLB","Incidence of tuberculosis (per 100,000 people)","SH.TBS.INCD","","","","","","","","","","","","","","","","","","","","","","","","","","","","","","","312","296","281","267","253","240","228","216","205","195","185","175","166","158","150","142","135","128","121","115","108","103","97","",
"Sierra Leone","SLE","Incidence of tuberculosis (per 100,000 people)","SH.TBS.INCD","","","","","","","","","","","","","","","","","","","","","","","","","","","","","","","207","208","208","209","210","212","215","221","229","243","264","294","335","386","445","503","554","596","626","646","660","668","674","",
"El Salvador","SLV","Incidence of tuberculosis (per 100,000 people)","SH.TBS.INCD","","","","","","","","","","","","","","","","","","","","","","","","","","","","","","","63","61","57","53","48","45","42","41","42","40","37","36","38","33","32","39","34","33","32","30","28","27","25","",
"San Marino","SMR","Incidence of tuberculosis (per 100,000 people)","SH.TBS.INCD","","","","","","","","","","","","","","","","","","","","","","","","","","","","","","","4.8","4.7","9.2","14","9.1","9","0","4.4","0","0","4.3","0","4.1","4","0","1.5","1.5","1.5","1.5","1.5","1.5","1.5","1.5","",
"Somalia","SOM","Incidence of tuberculosis (per 100,000 people)","SH.TBS.INCD","","","","","","","","","","","","","","","","","","","","","","","","","","","","","","","285","285","285","285","285","285","285","285","285","285","285","285","285","285","285","285","285","285","285","285","286","286","286","",
"Serbia","SRB","Incidence of tuberculosis (per 100,000 people)","SH.TBS.INCD","","","","","","","","","","","","","","","","","","","","","","","","","","","","","","","","","","","","","","","","","","","","","","37","37","34","32","30","28","26","23","",
"Sub-Saharan Africa (developing only)","SSA","Incidence of tuberculosis (per 100,000 people)","SH.TBS.INCD","","","","","","","","","","","","","","","","","","","","","","","","","","","","","","","251","257","262","269","274","280","286","292","298","305","312","317","321","321","317","311","303","294","285","276","271","263","255","",
"South Sudan","SSD","Incidence of tuberculosis (per 100,000 people)","SH.TBS.INCD","","","","","","","","","","","","","","","","","","","","","","","","","","","","","","","","","","","","","","","","","","","","","","","","","","","","146","146","",
"Sub-Saharan Africa (all income levels)","SSF","Incidence of tuberculosis (per 100,000 people)","SH.TBS.INCD","","","","","","","","","","","","","","","","","","","","","","","","","","","","","","","251","257","262","269","274","280","286","291","298","305","311","317","321","321","317","310","302","294","285","276","271","263","255","",
"Small states","SST","Incidence of tuberculosis (per 100,000 people)","SH.TBS.INCD","","","","","","","","","","","","","","","","","","","","","","","","","","","","","","","","","","","","","","","","","","","","","","","","","","","","","","",
"Sao Tome and Principe","STP","Incidence of tuberculosis (per 100,000 people)","SH.TBS.INCD","","","","","","","","","","","","","","","","","","","","","","","","","","","","","","","135","133","131","129","126","124","122","120","118","116","114","112","110","108","106","105","103","101","99","98","96","94","93","",
"Suriname","SUR","Incidence of tuberculosis (per 100,000 people)","SH.TBS.INCD","","","","","","","","","","","","","","","","","","","","","","","","","","","","","","","63","71","78","84","88","92","94","95","94","91","86","82","76","71","67","63","59","56","52","49","46","44","41","",
"Slovak Republic","SVK","Incidence of tuberculosis (per 100,000 people)","SH.TBS.INCD","","","","","","","","","","","","","","","","","","","","","","","","","","","","","","","32","35","37","39","38","33","32","28","27","23","22","21","21","21","14","15","14","13","12","9.7","8.7","8","6.8","",
"Slovenia","SVN","Incidence of tuberculosis (per 100,000 people)","SH.TBS.INCD","","","","","","","","","","","","","","","","","","","","","","","","","","","","","","","41","33","37","37","30","30","33","28","26","24","21","21","20","16","14","15","12","12","12","10","9.5","10","7.5","",
"Sweden","SWE","Incidence of tuberculosis (per 100,000 people)","SH.TBS.INCD","","","","","","","","","","","","","","","","","","","","","","","","","","","","","","","7.5","7","8.1","8.1","7","7.3","6.5","5.9","5.8","6.2","5.4","5.1","4.8","5.1","5.5","6.9","6.2","5.8","6.4","7.7","7.6","6.6","7.2","",
"Swaziland","SWZ","Incidence of tuberculosis (per 100,000 people)","SH.TBS.INCD","","","","","","","","","","","","","","","","","","","","","","","","","","","","","","","267","264","261","269","294","337","397","472","568","685","803","911","1000","1072","1120","1147","1171","1198","1227","1257","1287","1317","1349","",
"Sint Maarten (Dutch part)","SXM","Incidence of tuberculosis (per 100,000 people)","SH.TBS.INCD","","","","","","","","","","","","","","","","","","","","","","","","","","","","","","","","","","","","","","","","","","","","","","","","","","","8.1","5.3","2.6","",
"Seychelles","SYC","Incidence of tuberculosis (per 100,000 people)","SH.TBS.INCD","","","","","","","","","","","","","","","","","","","","","","","","","","","","","","","43","43","42","41","40","40","39","38","38","37","37","36","35","35","34","33","33","32","32","31","31","30","30","",
"Syrian Arab Republic","SYR","Incidence of tuberculosis (per 100,000 people)","SH.TBS.INCD","","","","","","","","","","","","","","","","","","","","","","","","","","","","","","","61","57","54","51","49","46","43","41","39","37","35","33","31","29","28","26","25","24","22","21","20","19","18","",
"Turks and Caicos Islands","TCA","Incidence of tuberculosis (per 100,000 people)","SH.TBS.INCD","","","","","","","","","","","","","","","","","","","","","","","","","","","","","","","0","0","0","0","18","36","55","73","91","109","63","17","16","29","29","29","29","27","26","24","22","33","28","",
"Chad","TCD","Incidence of tuberculosis (per 100,000 people)","SH.TBS.INCD","","","","","","","","","","","","","","","","","","","","","","","","","","","","","","","95","101","108","115","122","128","135","140","144","148","151","153","154","153","151","150","150","151","151","151","151","151","151","",
"Togo","TGO","Incidence of tuberculosis (per 100,000 people)","SH.TBS.INCD","","","","","","","","","","","","","","","","","","","","","","","","","","","","","","","47","49","51","53","55","58","61","64","66","69","72","74","76","77","77","77","76","74","73","69","73","73","73","",
"Thailand","THA","Incidence of tuberculosis (per 100,000 people)","SH.TBS.INCD","","","","","","","","","","","","","","","","","","","","","","","","","","","","","","","138","132","130","129","129","130","134","142","150","161","171","173","174","171","164","154","147","141","139","132","128","124","119","",
"Tajikistan","TJK","Incidence of tuberculosis (per 100,000 people)","SH.TBS.INCD","","","","","","","","","","","","","","","","","","","","","","","","","","","","","","","70","84","99","115","132","148","166","185","201","213","220","221","218","214","208","200","195","192","190","190","191","193","","",
"Turkmenistan","TKM","Incidence of tuberculosis (per 100,000 people)","SH.TBS.INCD","","","","","","","","","","","","","","","","","","","","","","","","","","","","","","","95","107","120","133","145","157","169","182","192","201","209","211","208","199","188","175","159","145","131","117","103","89","75","",
"Timor-Leste","TLS","Incidence of tuberculosis (per 100,000 people)","SH.TBS.INCD","","","","","","","","","","","","","","","","","","","","","","","","","","","","","","","","","","","","","","","","","","","498","498","498","498","498","498","498","498","498","498","498","",
"Tonga","TON","Incidence of tuberculosis (per 100,000 people)","SH.TBS.INCD","","","","","","","","","","","","","","","","","","","","","","","","","","","","","","","38","37","36","35","34","33","32","31","30","29","28","27","26","25","24","22","21","20","19","18","17","16","14","",
"Trinidad and Tobago","TTO","Incidence of tuberculosis (per 100,000 people)","SH.TBS.INCD","","","","","","","","","","","","","","","","","","","","","","","","","","","","","","","11","13","13","10","12","15","19","24","18","14","18","19","12","13","16","15","20","19","24","24","19","19","24","",
"Tunisia","TUN","Incidence of tuberculosis (per 100,000 people)","SH.TBS.INCD","","","","","","","","","","","","","","","","","","","","","","","","","","","","","","","29","30","30","31","31","31","30","29","27","26","25","24","24","23","23","23","24","25","25","27","28","30","31","",
"Turkey","TUR","Incidence of tuberculosis (per 100,000 people)","SH.TBS.INCD","","","","","","","","","","","","","","","","","","","","","","","","","","","","","","","52","53","52","50","47","45","39","49","48","41","33","31","32","31","30","34","33","31","29","27","25","24","22","",
"Tuvalu","TUV","Incidence of tuberculosis (per 100,000 people)","SH.TBS.INCD","","","","","","","","","","","","","","","","","","","","","","","","","","","","","","","536","515","494","475","456","437","420","403","387","372","357","343","329","316","303","291","279","230","217","229","178","152","241","",
"Tanzania","TZA","Incidence of tuberculosis (per 100,000 people)","SH.TBS.INCD","","","","","","","","","","","","","","","","","","","","","","","","","","","","","","","226","226","226","226","226","226","226","226","228","232","236","239","239","235","225","213","200","192","190","183","177","169","165","",
"Uganda","UGA","Incidence of tuberculosis (per 100,000 people)","SH.TBS.INCD","","","","","","","","","","","","","","","","","","","","","","","","","","","","","","","624","610","594","578","560","542","523","502","478","453","427","400","374","350","326","304","283","263","244","226","209","193","179","",
"Ukraine","UKR","Incidence of tuberculosis (per 100,000 people)","SH.TBS.INCD","","","","","","","","","","","","","","","","","","","","","","","","","","","","","","","45","50","55","61","68","74","82","90","97","103","108","113","117","120","121","121","120","117","112","110","105","99","93","",
"Upper middle income","UMC","Incidence of tuberculosis (per 100,000 people)","SH.TBS.INCD","","","","","","","","","","","","","","","","","","","","","","","","","","","","","","","131","128","125","123","120","118","115","114","112","111","110","109","108","107","104","102","99","97","94","93","90","89","86","",
"Uruguay","URY","Incidence of tuberculosis (per 100,000 people)","SH.TBS.INCD","","","","","","","","","","","","","","","","","","","","","","","","","","","","","","","33","28","25","25","24","22","25","25","23","22","22","24","19","22","25","22","19","21","24","24","24","28","27","",
"United States","USA","Incidence of tuberculosis (per 100,000 people)","SH.TBS.INCD","","","","","","","","","","","","","","","","","","","","","","","","","","","","","","","12","12","12","11","11","9.8","9","8.3","7.6","7.2","6.6","6.4","6","5.8","5.6","5.4","5.3","5","4.8","4.3","4.1","3.8","3.6","",
"Uzbekistan","UZB","Incidence of tuberculosis (per 100,000 people)","SH.TBS.INCD","","","","","","","","","","","","","","","","","","","","","","","","","","","","","","","125","138","152","167","183","200","219","241","260","276","287","288","283","273","256","233","211","189","167","144","122","101","78","",
"St. Vincent and the Grenadines","VCT","Incidence of tuberculosis (per 100,000 people)","SH.TBS.INCD","","","","","","","","","","","","","","","","","","","","","","","","","","","","","","","27","27","27","27","27","27","26","26","26","26","26","26","25","25","25","25","25","25","25","24","24","24","24","",
"Venezuela, RB","VEN","Incidence of tuberculosis (per 100,000 people)","SH.TBS.INCD","","","","","","","","","","","","","","","","","","","","","","","","","","","","","","","35","35","35","35","35","35","35","35","34","34","34","34","34","34","34","34","34","34","33","33","33","33","33","",
"Virgin Islands (U.S.)","VIR","Incidence of tuberculosis (per 100,000 people)","SH.TBS.INCD","","","","","","","","","","","","","","","","","","","","","","","","","","","","","","","4.5","4.4","6","8","11","4.3","8.6","7.7","7.7","7.7","7.7","7.7","7.7","7.7","7.7","7.7","7.7","7.7","7.7","7.7","7.7","7.7","7.7","",
"Vietnam","VNM","Incidence of tuberculosis (per 100,000 people)","SH.TBS.INCD","","","","","","","","","","","","","","","","","","","","","","","","","","","","","","","251","244","238","232","226","220","214","209","204","201","197","193","189","185","181","176","172","168","164","159","155","151","147","",
"Vanuatu","VUT","Incidence of tuberculosis (per 100,000 people)","SH.TBS.INCD","","","","","","","","","","","","","","","","","","","","","","","","","","","","","","","127","203","166","95","123","63","98","140","133","88","110","123","69","69","86","83","80","77","74","72","69","67","65","",
"West Bank and Gaza","PSE","Incidence of tuberculosis (per 100,000 people)","SH.TBS.INCD","","","","","","","","","","","","","","","","","","","","","","","","","","","","","","","6","13","8.3","9.7","8.8","8.6","7.7","8.6","13","10","10","9.6","8.6","8.5","8.1","6.5","5.8","6.6","5.2","5.5","5.3","6.3","7.6","",
"World","WLD","Incidence of tuberculosis (per 100,000 people)","SH.TBS.INCD","","","","","","","","","","","","","","","","","","","","","","","","","","","","","","","147","147","147","148","147","148","148","148","148","148","148","148","147","146","144","142","139","136","133","130","128","125","122","",
"Samoa","WSM","Incidence of tuberculosis (per 100,000 people)","SH.TBS.INCD","","","","","","","","","","","","","","","","","","","","","","","","","","","","","","","36","35","33","32","31","30","28","27","26","25","23","22","21","20","19","18","17","17","17","17","17","17","18","",
"Yemen, Rep.","YEM","Incidence of tuberculosis (per 100,000 people)","SH.TBS.INCD","","","","","","","","","","","","","","","","","","","","","","","","","","","","","","","137","137","137","137","137","137","137","137","130","123","116","108","101","94","87","81","74","67","60","54","49","49","49","",
"South Africa","ZAF","Incidence of tuberculosis (per 100,000 people)","SH.TBS.INCD","","","","","","","","","","","","","","","","","","","","","","","","","","","","","","","301","301","302","305","309","317","332","360","406","479","576","683","780","852","898","925","940","948","960","971","981","993","1003","",
"Congo, Dem. Rep.","COD","Incidence of tuberculosis (per 100,000 people)","SH.TBS.INCD","","","","","","","","","","","","","","","","","","","","","","","","","","","","","","","327","327","327","327","327","327","327","327","327","327","327","327","327","327","327","327","327","327","327","327","327","327","327","",
"Zambia","ZMB","Incidence of tuberculosis (per 100,000 people)","SH.TBS.INCD","","","","","","","","","","","","","","","","","","","","","","","","","","","","","","","710","736","756","772","782","788","790","784","766","742","713","678","645","617","591","566","543","521","500","482","462","444","427","",
"Zimbabwe","ZWE","Incidence of tuberculosis (per 100,000 people)","SH.TBS.INCD","","","","","","","","","","","","","","","","","","","","","","","","","","","","","","","296","328","362","399","439","483","531","579","633","684","726","764","790","804","807","799","782","754","716","668","633","603","562","",
